{
    "start": {
        "center": [
            7.613702,
            49.221851
        ],
        "zoom": 12,
        "bearing": 0,
        "pitch": 45
    }
}