USD_to_CNY,USD_to_SGD
0.15796616928852,0.75539533549315
