USD_to_CNY,USD_to_SGD
0.1569144410837,0.74498213705671
