{
    "start": {
        "center": [-74.00579866241569, 40.71365932898716, 35],
        "heading": 190,
        "pitch": -25,
        "roll": 0.0
    }
}