{
    "start": {
        "center": [0.11828, 52.20532],
        "zoom": 14,
        "bearing": 0,
        "pitch": 45
    }
}