{
    "start": {
        "center": [7.614597486434046, 49.1720003877412, 2000],
        "heading": 0,
        "pitch": -40,
        "roll": 0.0
    }
}
