{
    "start": {
        "center": [-74.03847455978394, 40.69933253480097, 2500],
        "heading": 50,
        "pitch": -40,
        "roll": 0.0
    }
}