{
    "start": {
        "center": [-74.02208684116992, 40.69885291708034, 400],
        "heading": 50,
        "pitch": -30,
        "roll": 0.0
    },
    "fields": {
        "name": "gml:name"
    }
}