voltage_level_kV,R_MVA/km,X_MVA/km,B_MVA/km,MVA
275,7.80447E-05,0.001251049,0.025999431,2610.647059
400,3.17097E-05,0.000306471,0.006193865,2800.264286
