{
    "start": {
        "center": [103.773716, 1.303782,  2500],
        "heading": 50,
        "pitch": -40,
        "roll": 0.0
    }
}