{
    "start": {
        "center": [
            103.848062,
            1.276904
        ],
        "zoom": 10,
        "bearing": 0,
        "pitch": 0
    }
}