{
    "start": {
        "center": [103.773845, 1.30426, 28],
        "heading": 20,
        "pitch": -20,
        "roll": 0
    }
}